station_id,station_name,avg_monthly_rides,density_category,university_dist_mi,community_name,station_category,latitude,longitude
13,S Bouquet Ave & Sennott St,3158,5.0,0.15,Oakland,University,40.441638,-79.955764
20,Boulevard of the Allies & Parkview Ave,2249,3.0,0.49,Oakland,University,40.4344,-79.9519
50,Atwood St & Bates St,2139,5.0,0.24,Oakland,University,40.4379869540702,-79.95370453
12,O'Hara St & University Place,1779,5.0,0.21,Oakland,University,40.445117,-79.957118
34,N Dithridge St & Centre Ave,1744,5.0,0.48,Oakland,University,40.451281,-79.952982
29,Filmore St & S Bellefield Ave,1650,5.0,0.13,Oakland,University,40.445145301354,-79.95108339
10,Zulema St & Coltart Ave,1497,2.0,0.27,Oakland,University,40.436055,-79.956827
28,Fifth Ave & S Bouquet St,1496,5.0,0.15,Oakland,University,40.4422,-79.9576
51,Coltart Ave & Forbes Ave,1359,5.0,0.16,Oakland,University,40.439011755120895,-79.96029203
38,Allequippa St & Darragh St,1148,3.0,0.49,Oakland,University,40.443591,-79.965456
33,Schenley Dr & Schenley Dr Ext,908,5.0,0.16,Oakland,University,40.4423713,-79.9516881
48,S Millvale Ave & Centre Ave,878,4.0,0.7,Shadyside,Community,40.4534267230288,-79.94746035
26,S 27th St & Sidney St. (Southside Works),818,2.0,0.95,SouthSide,University,40.4279908,-79.9662964
15,Ivy St & Walnut St,650,4.0,0.44,Shadyside,University,40.451781,-79.932253
59,Forbes Ave at TCS Hall (CMU Campus),648,5.0,0.23,Oakland,University,40.444654005418,-79.94753545
37,S Negley Ave & Centre Ave,554,4.0,0.66,Shadyside,University,40.4573163,-79.9343309
40,Penn Ave & 7th St,515,5.0,0.86,Downtown,Tourist,40.443310169091,-79.99999588
22,Forbes Ave & Market Square,476,5.0,0.96,Downtown,University,40.4407732,-80.0033121
11,Ellsworth Ave & N Neville St,469,5.0,0.4,Oakland,University,40.448203,-79.947507
23,North Shore Trail & Fort Duquesne Bridge,460,5.0,1.36,NorthShore,University,40.4458,-80.0091
6,10th St & Penn Ave,456,5.0,0.74,Downtown,Tourist,40.4446526,-79.9960739
49,Technology Dr & Bates St,436,2.0,0.67,Oakland,Community,40.430512783211,-79.95998894
21,Liberty Ave & Stanwix St,430,5.0,1.04,Downtown,University,40.4412,-80.0048
18,21st St & Penn Ave,423,3.0,1.0,Downtown,Tourist,40.4518,-79.9833
17,Taylor St & Liberty Ave,414,4.0,1.28,Lawrenceville,Community,40.462778,-79.950868
7,Liberty Ave & Gross St,408,4.0,1.13,Shadyside,University,40.4595877,-79.9452035
30,Shady Ave & Ellsworth Ave,378,4.0,0.51,EastLiberty,University,40.4591811,-79.9219961
25,Penn Ave & S Whitfield St,359,4.0,0.67,EastLiberty,University,40.4616,-79.9257
41,S 22nd St & Sidney St,344,5.0,0.82,SouthSide,Community,40.4292122212108,-79.97453456
4,Burns White Center at 3 Crossings,341,3.0,1.33,Lawrenceville,Community,40.4563428549798,-79.98015557
58,W North Ave & Federal St,335,4.0,1.67,NorthShore,Tourist,40.4552676644965,-80.0071234
47,17th St & Penn Ave,330,3.0,0.84,Downtown,Tourist,40.4496263051759,-79.98591786
19,42nd St & Butler St,326,4.0,1.83,Lawrenceville,Community,40.470221,-79.96038
24,Penn Ave & 33rd St,277,4.0,1.46,Lawrenceville,University,40.462,-79.9683
39,S 12th St & E Carson St,273,5.0,0.62,SouthSide,Community,40.4285997,-79.98637115
9,South Side Trail & S 4th St,272,5.0,0.66,SouthSide,Tourist,40.431336,-79.995106
31,First Ave & B St,269,5.0,0.64,Downtown,University,40.435922,-79.997551
32,Ross St & Fourth Ave,264,5.0,0.57,Downtown,University,40.4377006231878,-79.99648068
2,Eliza Furnace Trail & Swineburne St,258,3.0,1.0,Greenfield,Community,40.4258,-79.9534
16,Penn Ave & Putnam St (Bakery Square),258,4.0,0.52,EastLiberty,Community,40.4559,-79.9153
8,Glasshouse,246,5.0,0.97,Downtown,Tourist,40.4329,-80.003
1,Pierce St & Summerlea St,244,4.0,0.55,Shadyside,University,40.4565066778014,-79.93233059
36,Penn Ave & S Pacific Ave,233,4.0,1.21,Shadyside,University,40.4646,-79.9399
35,Butler St & 36th St,225,4.0,1.58,Lawrenceville,University,40.4651438031098,-79.96541328
57,52nd St & Butler St,184,2.0,2.49,Lawrenceville,Community,40.4802827313897,-79.95428657
5,Allegheny Station,172,4.0,1.86,NorthShore,Tourist,40.448301,-80.018007
27,W Station Square Dr & Bessemer Court,163,5.0,1.04,Downtown,University,40.4338,-80.0047
54,W Ohio St & Brighton Rd,132,4.0,1.81,NorthShore,Tourist,40.4524674541611,-80.01387184
55,Brighton Rd & Pennsylvania Ave,101,4.0,2.04,NorthShore,Community,40.4564024103847,-80.01539265
3,Centre Ave & Addison St,66,3.0,0.62,SouthSide,Community,40.4446,-79.9783
56,Rosetta St & N Aiken Ave,62,2.0,1.2,EastLiberty,Community,40.4670182950645,-79.93523215
53,Centre Ave & Heldman St,61,3.0,0.42,Downtown,University,40.4428413514563,-79.98161559
44,Hamilton Ave & Fifth Ave,53,4.0,0.82,EastLiberty,Community,40.4575697908311,-79.90995233
52,Bedford Ave & Memory Ln,51,3.0,0.84,Downtown,Community,40.4483608122211,-79.9782682
14,Tioga St & N Homewood Ave,42,2.0,1.39,EastLiberty,Community,40.4542263889049,-79.89754441
60,Wilkinsburg Park & Ride,32,2.0,1.88,EastLiberty,Community,40.4469075070452,-79.88864487
43,Eliza St & Lytle St,25,3.0,1.9,Hazelwood,Community,40.4134809838224,-79.94825428
42,Second Ave & Tecumseh St,21,2.0,2.27,Hazelwood,Community,40.408857293611504,-79.94368379
45,N Braddock Ave & Hamilton Ave,17,2.0,1.72,EastLiberty,Community,40.4530103612023,-79.89120369
46,Bennett St & N Homewood Ave,12,2.0,1.42,EastLiberty,Community,40.4566220240671,-79.8975032
